USB-500/600 Log File,
Name: TemHumB,
Model: USB-502,
Serial Number: 10223952,
Index,Date/Time,Temp(C),Humidity(%rh),Dew Point(C),
1,10/10/2022 2:00:00 am,9.5,51.0,-0.1,
2,10/10/2022 2:15:00 am,9.5,78.0,5.9,
3,10/10/2022 2:30:00 am,16.5,92.5,15.3,
4,10/10/2022 2:45:00 am,20.5,96.5,19.9,
5,10/10/2022 3:00:00 am,23.5,93.5,22.4,
6,10/10/2022 3:15:00 am,25.5,92.0,24.1,
7,10/10/2022 3:30:00 am,29.5,83.5,26.4,
8,10/10/2022 3:45:00 am,29.0,88.5,26.9,
9,10/10/2022 4:00:00 am,28.0,89.5,26.1,
10,10/10/2022 4:15:00 am,26.5,94.5,25.5,
11,10/10/2022 4:30:00 am,26.5,96.0,25.8,
12,10/10/2022 4:45:00 am,26.0,96.5,25.4,
13,10/10/2022 5:00:00 am,26.0,97.0,25.5,
14,10/10/2022 5:15:00 am,26.0,97.5,25.6,
15,10/10/2022 5:30:00 am,26.0,97.5,25.6,
16,10/10/2022 5:45:00 am,26.0,98.0,25.7,
17,10/10/2022 6:00:00 am,26.0,98.0,25.7,
18,10/10/2022 6:15:00 am,26.0,98.0,25.7,
19,10/10/2022 6:30:00 am,26.0,98.0,25.7,
20,10/10/2022 6:45:00 am,26.0,98.5,25.7,
21,10/10/2022 7:00:00 am,26.0,98.5,25.7,
22,10/10/2022 7:15:00 am,26.0,98.5,25.7,
23,10/10/2022 7:30:00 am,26.0,98.5,25.7,
24,10/10/2022 7:45:00 am,26.0,98.5,25.7,
25,10/10/2022 8:00:00 am,26.0,99.0,25.8,
26,10/10/2022 8:15:00 am,26.0,99.0,25.8,
27,10/10/2022 8:30:00 am,26.0,99.0,25.8,
28,10/10/2022 8:45:00 am,26.0,99.0,25.8,
29,10/10/2022 9:00:00 am,26.0,99.0,25.8,
30,10/10/2022 9:15:00 am,26.0,99.0,25.8,
31,10/10/2022 9:30:00 am,26.0,99.5,25.9,
32,10/10/2022 9:45:00 am,26.0,99.5,25.9,
33,10/10/2022 10:00:00 am,26.0,99.5,25.9,
34,10/10/2022 10:15:00 am,26.0,99.5,25.9,
35,10/10/2022 10:30:00 am,26.0,99.5,25.9,
36,10/10/2022 10:45:00 am,26.0,99.5,25.9,
37,10/10/2022 11:00:00 am,26.0,99.5,25.9,
38,10/10/2022 11:15:00 am,26.0,99.5,25.9,
39,10/10/2022 11:30:00 am,26.0,99.5,25.9,
40,10/10/2022 11:45:00 am,26.0,99.5,25.9,
41,10/10/2022 12:00:00 pm,26.0,100.0,26.0,
42,10/10/2022 12:15:00 pm,26.0,100.0,26.0,
43,10/10/2022 12:30:00 pm,26.0,100.0,26.0,
44,10/10/2022 12:45:00 pm,26.0,100.0,26.0,
45,10/10/2022 1:00:00 pm,26.0,100.0,26.0,
46,10/10/2022 1:15:00 pm,26.0,100.0,26.0,
47,10/10/2022 1:30:00 pm,26.0,100.0,26.0,
48,10/10/2022 1:45:00 pm,26.0,100.0,26.0,
49,10/10/2022 2:00:00 pm,26.0,100.0,26.0,
50,10/10/2022 2:15:00 pm,26.0,100.0,26.0,
51,10/10/2022 2:30:00 pm,26.0,100.0,26.0,
52,10/10/2022 2:45:00 pm,26.0,100.0,26.0,
53,10/10/2022 3:00:00 pm,26.0,100.0,26.0,
54,10/10/2022 3:15:00 pm,26.0,100.5,26.1,
55,10/10/2022 3:30:00 pm,26.0,100.5,26.1,
56,10/10/2022 3:45:00 pm,26.0,100.5,26.1,
57,10/10/2022 4:00:00 pm,26.0,100.5,26.1,
58,10/10/2022 4:15:00 pm,26.0,100.5,26.1,
59,10/10/2022 4:30:00 pm,26.0,100.5,26.1,
60,10/10/2022 4:45:00 pm,26.0,100.5,26.1,
61,10/10/2022 5:00:00 pm,26.0,100.5,26.1,
62,10/10/2022 5:15:00 pm,26.0,100.5,26.1,
63,10/10/2022 5:30:00 pm,26.0,100.5,26.1,
64,10/10/2022 5:45:00 pm,26.0,100.5,26.1,
65,10/10/2022 6:00:00 pm,26.0,100.5,26.1,
66,10/10/2022 6:15:00 pm,26.0,100.5,26.1,
67,10/10/2022 6:30:00 pm,26.0,100.5,26.1,
68,10/10/2022 6:45:00 pm,26.0,100.5,26.1,
69,10/10/2022 7:00:00 pm,26.0,100.5,26.1,
70,10/10/2022 7:15:00 pm,26.0,100.5,26.1,
71,10/10/2022 7:30:00 pm,26.0,100.5,26.1,
72,10/10/2022 7:45:00 pm,26.0,101.0,26.2,
73,10/10/2022 8:00:00 pm,26.0,101.0,26.2,
74,10/10/2022 8:15:00 pm,26.0,101.0,26.2,
75,10/10/2022 8:30:00 pm,26.0,101.0,26.2,
76,10/10/2022 8:45:00 pm,26.0,101.0,26.2,
77,10/10/2022 9:00:00 pm,26.0,101.0,26.2,
78,10/10/2022 9:15:00 pm,26.0,101.0,26.2,
79,10/10/2022 9:30:00 pm,26.0,101.0,26.2,
80,10/10/2022 9:45:00 pm,26.0,101.0,26.2,
81,10/10/2022 10:00:00 pm,26.0,101.0,26.2,
82,10/10/2022 10:15:00 pm,26.0,101.0,26.2,
83,10/10/2022 10:30:00 pm,26.0,101.0,26.2,
84,10/10/2022 10:45:00 pm,26.0,101.0,26.2,
85,10/10/2022 11:00:00 pm,26.0,101.0,26.2,
86,10/10/2022 11:15:00 pm,26.0,101.0,26.2,
87,10/10/2022 11:30:00 pm,26.0,101.0,26.2,
88,10/10/2022 11:45:00 pm,26.0,101.0,26.2,
89,11/10/2022 12:00:00 am,26.0,101.0,26.2,
90,11/10/2022 12:15:00 am,26.0,101.0,26.2,
91,11/10/2022 12:30:00 am,26.0,101.0,26.2,
92,11/10/2022 12:45:00 am,26.0,101.0,26.2,
93,11/10/2022 1:00:00 am,26.0,101.0,26.2,
94,11/10/2022 1:15:00 am,26.0,101.0,26.2,
95,11/10/2022 1:30:00 am,26.0,101.5,26.3,
96,11/10/2022 1:45:00 am,26.0,101.5,26.3,
97,11/10/2022 2:00:00 am,26.0,101.5,26.3,
98,11/10/2022 2:15:00 am,26.0,101.5,26.3,
99,11/10/2022 2:30:00 am,26.0,101.5,26.3,
100,11/10/2022 2:45:00 am,26.0,101.5,26.3,
101,11/10/2022 3:00:00 am,26.0,101.5,26.3,
102,11/10/2022 3:15:00 am,26.0,101.5,26.3,
103,11/10/2022 3:30:00 am,26.0,101.5,26.3,
104,11/10/2022 3:45:00 am,26.0,101.5,26.3,
105,11/10/2022 4:00:00 am,26.0,101.5,26.3,
106,11/10/2022 4:15:00 am,26.0,101.5,26.3,
107,11/10/2022 4:30:00 am,26.0,101.5,26.3,
108,11/10/2022 4:45:00 am,26.0,101.5,26.3,
109,11/10/2022 5:00:00 am,26.0,101.5,26.3,
110,11/10/2022 5:15:00 am,26.0,101.5,26.3,
111,11/10/2022 5:30:00 am,26.0,101.5,26.3,
112,11/10/2022 5:45:00 am,26.0,101.5,26.3,
113,11/10/2022 6:00:00 am,26.0,101.5,26.3,
114,11/10/2022 6:15:00 am,26.0,101.5,26.3,
115,11/10/2022 6:30:00 am,26.0,101.5,26.3,
116,11/10/2022 6:45:00 am,26.0,101.5,26.3,
117,11/10/2022 7:00:00 am,26.0,101.5,26.3,
118,11/10/2022 7:15:00 am,26.0,101.5,26.3,
119,11/10/2022 7:30:00 am,26.0,101.5,26.3,
120,11/10/2022 7:45:00 am,26.0,101.5,26.3,
121,11/10/2022 8:00:00 am,26.0,101.5,26.3,
122,11/10/2022 8:15:00 am,26.0,101.5,26.3,
123,11/10/2022 8:30:00 am,26.0,101.5,26.3,
124,11/10/2022 8:45:00 am,26.0,102.0,26.3,
125,11/10/2022 9:00:00 am,26.0,102.0,26.3,
126,11/10/2022 9:15:00 am,26.0,102.0,26.3,
127,11/10/2022 9:30:00 am,26.0,102.0,26.3,
128,11/10/2022 9:45:00 am,26.0,102.0,26.3,
129,11/10/2022 10:00:00 am,26.0,102.0,26.3,
130,11/10/2022 10:15:00 am,26.0,102.0,26.3,
131,11/10/2022 10:30:00 am,26.0,102.0,26.3,
132,11/10/2022 10:45:00 am,26.0,102.0,26.3,
133,11/10/2022 11:00:00 am,26.0,102.0,26.3,
134,11/10/2022 11:15:00 am,26.0,102.0,26.3,
135,11/10/2022 11:30:00 am,26.0,102.0,26.3,
136,11/10/2022 11:45:00 am,26.0,102.0,26.3,
137,11/10/2022 12:00:00 pm,26.0,102.0,26.3,
138,11/10/2022 12:15:00 pm,26.0,102.0,26.3,
139,11/10/2022 12:30:00 pm,26.0,102.0,26.3,
140,11/10/2022 12:45:00 pm,26.0,102.0,26.3,
141,11/10/2022 1:00:00 pm,26.0,102.0,26.3,
142,11/10/2022 1:15:00 pm,26.0,102.0,26.3,
143,11/10/2022 1:30:00 pm,26.0,102.0,26.3,
144,11/10/2022 1:45:00 pm,26.0,102.0,26.3,
145,11/10/2022 2:00:00 pm,26.0,102.0,26.3,
146,11/10/2022 2:15:00 pm,26.0,102.0,26.3,
147,11/10/2022 2:30:00 pm,26.0,102.0,26.3,
148,11/10/2022 2:45:00 pm,26.0,102.0,26.3,
149,11/10/2022 3:00:00 pm,26.0,102.0,26.3,
150,11/10/2022 3:15:00 pm,26.0,102.0,26.3,
151,11/10/2022 3:30:00 pm,26.0,102.0,26.3,
152,11/10/2022 3:45:00 pm,26.0,102.0,26.3,
153,11/10/2022 4:00:00 pm,26.0,102.0,26.3,
154,11/10/2022 4:15:00 pm,26.0,102.0,26.3,
155,11/10/2022 4:30:00 pm,26.0,102.0,26.3,
156,11/10/2022 4:45:00 pm,26.0,102.0,26.3,
157,11/10/2022 5:00:00 pm,26.0,102.0,26.3,
158,11/10/2022 5:15:00 pm,26.0,102.0,26.3,
159,11/10/2022 5:30:00 pm,26.0,102.0,26.3,
160,11/10/2022 5:45:00 pm,26.0,102.0,26.3,
161,11/10/2022 6:00:00 pm,26.0,102.0,26.3,
162,11/10/2022 6:15:00 pm,26.0,102.5,26.4,
163,11/10/2022 6:30:00 pm,26.0,102.5,26.4,
164,11/10/2022 6:45:00 pm,26.0,102.5,26.4,
165,11/10/2022 7:00:00 pm,26.0,102.5,26.4,
166,11/10/2022 7:15:00 pm,26.0,102.5,26.4,
167,11/10/2022 7:30:00 pm,26.0,102.5,26.4,
168,11/10/2022 7:45:00 pm,26.0,102.5,26.4,
169,11/10/2022 8:00:00 pm,26.0,102.5,26.4,
170,11/10/2022 8:15:00 pm,26.0,102.5,26.4,
171,11/10/2022 8:30:00 pm,26.0,102.5,26.4,
172,11/10/2022 8:45:00 pm,26.0,102.5,26.4,
173,11/10/2022 9:00:00 pm,26.0,102.5,26.4,
174,11/10/2022 9:15:00 pm,26.0,102.5,26.4,
175,11/10/2022 9:30:00 pm,26.0,102.5,26.4,
176,11/10/2022 9:45:00 pm,26.0,102.5,26.4,
177,11/10/2022 10:00:00 pm,26.0,102.5,26.4,
178,11/10/2022 10:15:00 pm,26.0,102.5,26.4,
179,11/10/2022 10:30:00 pm,26.0,102.5,26.4,
180,11/10/2022 10:45:00 pm,26.0,102.5,26.4,
181,11/10/2022 11:00:00 pm,26.0,102.5,26.4,
182,11/10/2022 11:15:00 pm,26.0,102.5,26.4,
183,11/10/2022 11:30:00 pm,26.0,102.5,26.4,
184,11/10/2022 11:45:00 pm,26.0,102.5,26.4,
185,12/10/2022 12:00:00 am,26.0,102.5,26.4,
186,12/10/2022 12:15:00 am,26.0,102.5,26.4,
187,12/10/2022 12:30:00 am,26.0,102.5,26.4,
188,12/10/2022 12:45:00 am,26.0,102.5,26.4,
189,12/10/2022 1:00:00 am,26.0,102.5,26.4,
190,12/10/2022 1:15:00 am,26.0,102.5,26.4,
191,12/10/2022 1:30:00 am,26.0,102.5,26.4,
192,12/10/2022 1:45:00 am,26.0,102.5,26.4,
193,12/10/2022 2:00:00 am,26.0,102.5,26.4,
194,12/10/2022 2:15:00 am,26.0,102.5,26.4,
195,12/10/2022 2:30:00 am,26.0,102.5,26.4,
196,12/10/2022 2:45:00 am,26.0,102.5,26.4,
197,12/10/2022 3:00:00 am,26.0,102.5,26.4,
198,12/10/2022 3:15:00 am,26.0,102.5,26.4,
199,12/10/2022 3:30:00 am,26.0,102.5,26.4,
200,12/10/2022 3:45:00 am,26.0,102.5,26.4,
201,12/10/2022 4:00:00 am,26.0,102.5,26.4,
202,12/10/2022 4:15:00 am,26.0,102.5,26.4,
203,12/10/2022 4:30:00 am,26.0,102.5,26.4,
204,12/10/2022 4:45:00 am,26.0,102.5,26.4,
205,12/10/2022 5:00:00 am,26.0,102.5,26.4,
206,12/10/2022 5:15:00 am,26.0,102.5,26.4,
207,12/10/2022 5:30:00 am,26.0,102.5,26.4,
208,12/10/2022 5:45:00 am,26.0,102.5,26.4,
209,12/10/2022 6:00:00 am,26.0,102.5,26.4,
210,12/10/2022 6:15:00 am,26.0,102.5,26.4,
211,12/10/2022 6:30:00 am,26.0,102.5,26.4,
212,12/10/2022 6:45:00 am,26.0,102.5,26.4,
213,12/10/2022 7:00:00 am,26.0,102.5,26.4,
214,12/10/2022 7:15:00 am,26.0,102.5,26.4,
215,12/10/2022 7:30:00 am,26.0,102.5,26.4,
216,12/10/2022 7:45:00 am,26.0,102.5,26.4,
217,12/10/2022 8:00:00 am,26.0,102.5,26.4,
218,12/10/2022 8:15:00 am,26.0,102.5,26.4,
219,12/10/2022 8:30:00 am,26.0,102.5,26.4,
220,12/10/2022 8:45:00 am,26.0,102.5,26.4,
221,12/10/2022 9:00:00 am,26.0,102.5,26.4,
222,12/10/2022 9:15:00 am,26.0,102.5,26.4,
223,12/10/2022 9:30:00 am,26.0,102.5,26.4,
224,12/10/2022 9:45:00 am,26.0,102.5,26.4,
225,12/10/2022 10:00:00 am,26.0,102.5,26.4,
226,12/10/2022 10:15:00 am,26.0,102.5,26.4,
227,12/10/2022 10:30:00 am,26.0,102.5,26.4,
228,12/10/2022 10:45:00 am,26.0,102.5,26.4,
229,12/10/2022 11:00:00 am,26.0,102.5,26.4,
230,12/10/2022 11:15:00 am,26.0,102.5,26.4,
231,12/10/2022 11:30:00 am,26.0,102.5,26.4,
232,12/10/2022 11:45:00 am,26.0,102.5,26.4,
233,12/10/2022 12:00:00 pm,26.0,102.5,26.4,
234,12/10/2022 12:15:00 pm,26.0,102.5,26.4,
235,12/10/2022 12:30:00 pm,26.0,103.0,26.5,
236,12/10/2022 12:45:00 pm,26.0,103.0,26.5,
237,12/10/2022 1:00:00 pm,26.0,103.0,26.5,
238,12/10/2022 1:15:00 pm,26.0,103.0,26.5,
239,12/10/2022 1:30:00 pm,26.0,103.0,26.5,
240,12/10/2022 1:45:00 pm,26.0,103.0,26.5,
241,12/10/2022 2:00:00 pm,26.0,103.0,26.5,
242,12/10/2022 2:15:00 pm,26.0,103.0,26.5,
243,12/10/2022 2:30:00 pm,26.0,103.0,26.5,
244,12/10/2022 2:45:00 pm,26.0,103.0,26.5,
245,12/10/2022 3:00:00 pm,26.0,103.0,26.5,
246,12/10/2022 3:15:00 pm,26.0,103.0,26.5,
247,12/10/2022 3:30:00 pm,26.0,103.0,26.5,
248,12/10/2022 3:45:00 pm,26.0,103.0,26.5,
249,12/10/2022 4:00:00 pm,26.0,103.0,26.5,
250,12/10/2022 4:15:00 pm,26.0,103.0,26.5,
251,12/10/2022 4:30:00 pm,26.0,103.0,26.5,
252,12/10/2022 4:45:00 pm,26.0,103.0,26.5,
253,12/10/2022 5:00:00 pm,26.0,103.0,26.5,
254,12/10/2022 5:15:00 pm,26.0,103.0,26.5,
255,12/10/2022 5:30:00 pm,26.0,103.0,26.5,
256,12/10/2022 5:45:00 pm,26.0,103.0,26.5,
257,12/10/2022 6:00:00 pm,26.0,103.0,26.5,
258,12/10/2022 6:15:00 pm,26.0,103.0,26.5,
259,12/10/2022 6:30:00 pm,26.0,103.0,26.5,
260,12/10/2022 6:45:00 pm,26.0,103.0,26.5,
261,12/10/2022 7:00:00 pm,26.0,103.0,26.5,
262,12/10/2022 7:15:00 pm,26.0,103.0,26.5,
263,12/10/2022 7:30:00 pm,26.0,103.0,26.5,
264,12/10/2022 7:45:00 pm,26.0,103.0,26.5,
265,12/10/2022 8:00:00 pm,26.0,103.0,26.5,
266,12/10/2022 8:15:00 pm,26.0,103.0,26.5,
267,12/10/2022 8:30:00 pm,26.0,103.0,26.5,
268,12/10/2022 8:45:00 pm,26.0,103.0,26.5,
269,12/10/2022 9:00:00 pm,26.0,103.0,26.5,
270,12/10/2022 9:15:00 pm,26.0,103.0,26.5,
271,12/10/2022 9:30:00 pm,26.0,103.0,26.5,
272,12/10/2022 9:45:00 pm,26.0,103.0,26.5,
273,12/10/2022 10:00:00 pm,26.0,103.0,26.5,
274,12/10/2022 10:15:00 pm,26.0,103.0,26.5,
275,12/10/2022 10:30:00 pm,26.0,103.0,26.5,
276,12/10/2022 10:45:00 pm,26.0,103.0,26.5,
277,12/10/2022 11:00:00 pm,26.0,103.0,26.5,
278,12/10/2022 11:15:00 pm,26.0,103.0,26.5,
279,12/10/2022 11:30:00 pm,26.0,103.0,26.5,
280,12/10/2022 11:45:00 pm,26.0,103.0,26.5,
281,13/10/2022 12:00:00 am,26.0,103.0,26.5,
282,13/10/2022 12:15:00 am,26.0,103.0,26.5,
283,13/10/2022 12:30:00 am,26.0,103.0,26.5,
284,13/10/2022 12:45:00 am,26.0,103.0,26.5,
285,13/10/2022 1:00:00 am,26.0,103.0,26.5,
286,13/10/2022 1:15:00 am,26.0,103.0,26.5,
287,13/10/2022 1:30:00 am,26.0,103.0,26.5,
288,13/10/2022 1:45:00 am,26.0,103.0,26.5,
289,13/10/2022 2:00:00 am,26.0,103.0,26.5,
290,13/10/2022 2:15:00 am,26.0,103.0,26.5,
291,13/10/2022 2:30:00 am,26.0,103.0,26.5,
292,13/10/2022 2:45:00 am,26.0,103.0,26.5,
293,13/10/2022 3:00:00 am,26.0,103.0,26.5,
294,13/10/2022 3:15:00 am,26.0,103.0,26.5,
295,13/10/2022 3:30:00 am,26.0,103.0,26.5,
296,13/10/2022 3:45:00 am,26.0,103.0,26.5,
297,13/10/2022 4:00:00 am,26.0,103.0,26.5,
298,13/10/2022 4:15:00 am,26.0,103.0,26.5,
299,13/10/2022 4:30:00 am,26.0,103.0,26.5,
300,13/10/2022 4:45:00 am,26.0,103.0,26.5,
301,13/10/2022 5:00:00 am,26.0,103.0,26.5,
302,13/10/2022 5:15:00 am,26.0,103.0,26.5,
303,13/10/2022 5:30:00 am,26.0,103.0,26.5,
304,13/10/2022 5:45:00 am,26.0,103.0,26.5,
305,13/10/2022 6:00:00 am,26.0,103.0,26.5,
306,13/10/2022 6:15:00 am,26.0,103.0,26.5,
307,13/10/2022 6:30:00 am,26.0,103.0,26.5,
308,13/10/2022 6:45:00 am,26.0,103.0,26.5,
309,13/10/2022 7:00:00 am,26.0,103.0,26.5,
310,13/10/2022 7:15:00 am,26.0,103.0,26.5,
311,13/10/2022 7:30:00 am,26.0,103.0,26.5,
312,13/10/2022 7:45:00 am,26.0,103.0,26.5,
313,13/10/2022 8:00:00 am,26.0,103.0,26.5,
314,13/10/2022 8:15:00 am,26.0,103.0,26.5,
315,13/10/2022 8:30:00 am,26.0,103.0,26.5,
316,13/10/2022 8:45:00 am,26.0,103.0,26.5,
317,13/10/2022 9:00:00 am,26.0,103.0,26.5,
318,13/10/2022 9:15:00 am,26.0,103.0,26.5,
319,13/10/2022 9:30:00 am,26.0,103.0,26.5,
320,13/10/2022 9:45:00 am,26.0,103.0,26.5,
321,13/10/2022 10:00:00 am,26.0,103.0,26.5,
322,13/10/2022 10:15:00 am,26.0,103.0,26.5,
323,13/10/2022 10:30:00 am,26.0,103.0,26.5,
324,13/10/2022 10:45:00 am,26.0,103.5,26.6,
325,13/10/2022 11:00:00 am,26.0,103.5,26.6,
326,13/10/2022 11:15:00 am,26.0,103.5,26.6,
327,13/10/2022 11:30:00 am,26.0,103.5,26.6,
328,13/10/2022 11:45:00 am,26.0,103.5,26.6,
329,13/10/2022 12:00:00 pm,26.0,103.5,26.6,
330,13/10/2022 12:15:00 pm,26.0,103.5,26.6,
331,13/10/2022 12:30:00 pm,26.0,103.5,26.6,
332,13/10/2022 12:45:00 pm,26.0,103.5,26.6,
333,13/10/2022 1:00:00 pm,26.0,103.5,26.6,
334,13/10/2022 1:15:00 pm,26.0,103.5,26.6,
335,13/10/2022 1:30:00 pm,26.0,103.5,26.6,
336,13/10/2022 1:45:00 pm,26.0,103.5,26.6,
337,13/10/2022 2:00:00 pm,26.0,103.5,26.6,
338,13/10/2022 2:15:00 pm,26.0,103.5,26.6,
339,13/10/2022 2:30:00 pm,26.0,103.5,26.6,
340,13/10/2022 2:45:00 pm,26.0,103.5,26.6,
341,13/10/2022 3:00:00 pm,26.0,103.5,26.6,
342,13/10/2022 3:15:00 pm,26.0,103.5,26.6,
343,13/10/2022 3:30:00 pm,26.0,103.5,26.6,
344,13/10/2022 3:45:00 pm,26.0,103.5,26.6,
345,13/10/2022 4:00:00 pm,26.0,103.5,26.6,
346,13/10/2022 4:15:00 pm,26.0,103.5,26.6,
347,13/10/2022 4:30:00 pm,26.0,103.5,26.6,
348,13/10/2022 4:45:00 pm,26.0,103.5,26.6,
349,13/10/2022 5:00:00 pm,26.0,103.5,26.6,
350,13/10/2022 5:15:00 pm,26.0,103.5,26.6,
351,13/10/2022 5:30:00 pm,26.0,103.5,26.6,
352,13/10/2022 5:45:00 pm,26.0,103.5,26.6,
353,13/10/2022 6:00:00 pm,26.0,103.5,26.6,
354,13/10/2022 6:15:00 pm,26.0,103.5,26.6,
355,13/10/2022 6:30:00 pm,26.0,103.5,26.6,
356,13/10/2022 6:45:00 pm,26.0,103.5,26.6,
357,13/10/2022 7:00:00 pm,26.0,103.5,26.6,
358,13/10/2022 7:15:00 pm,26.0,103.5,26.6,
359,13/10/2022 7:30:00 pm,26.0,103.5,26.6,
360,13/10/2022 7:45:00 pm,26.0,103.5,26.6,
361,13/10/2022 8:00:00 pm,26.0,103.5,26.6,
362,13/10/2022 8:15:00 pm,26.0,103.5,26.6,
363,13/10/2022 8:30:00 pm,26.0,103.5,26.6,
364,13/10/2022 8:45:00 pm,26.0,103.5,26.6,
365,13/10/2022 9:00:00 pm,26.0,103.5,26.6,
366,13/10/2022 9:15:00 pm,26.0,103.5,26.6,
367,13/10/2022 9:30:00 pm,26.0,103.5,26.6,
368,13/10/2022 9:45:00 pm,26.0,103.5,26.6,
369,13/10/2022 10:00:00 pm,26.0,103.5,26.6,
370,13/10/2022 10:15:00 pm,26.0,103.5,26.6,
371,13/10/2022 10:30:00 pm,26.0,103.5,26.6,
372,13/10/2022 10:45:00 pm,26.0,103.5,26.6,
373,13/10/2022 11:00:00 pm,26.0,103.5,26.6,
374,13/10/2022 11:15:00 pm,26.0,103.5,26.6,
375,13/10/2022 11:30:00 pm,26.0,103.5,26.6,
376,13/10/2022 11:45:00 pm,26.0,103.5,26.6,
377,14/10/2022 12:00:00 am,26.0,103.5,26.6,
378,14/10/2022 12:15:00 am,26.0,103.5,26.6,
379,14/10/2022 12:30:00 am,26.0,103.5,26.6,
380,14/10/2022 12:45:00 am,26.0,103.5,26.6,
381,14/10/2022 1:00:00 am,26.0,103.5,26.6,
382,14/10/2022 1:15:00 am,26.0,103.5,26.6,
383,14/10/2022 1:30:00 am,26.0,103.5,26.6,
384,14/10/2022 1:45:00 am,26.0,103.5,26.6,
385,14/10/2022 2:00:00 am,26.0,103.5,26.6,
386,14/10/2022 2:15:00 am,26.0,103.5,26.6,
387,14/10/2022 2:30:00 am,26.0,103.5,26.6,
388,14/10/2022 2:45:00 am,26.0,103.5,26.6,
389,14/10/2022 3:00:00 am,26.0,103.5,26.6,
390,14/10/2022 3:15:00 am,26.0,103.5,26.6,
391,14/10/2022 3:30:00 am,26.0,103.5,26.6,
392,14/10/2022 3:45:00 am,26.0,103.5,26.6,
393,14/10/2022 4:00:00 am,26.0,103.5,26.6,
394,14/10/2022 4:15:00 am,26.0,103.5,26.6,
395,14/10/2022 4:30:00 am,26.0,103.5,26.6,
396,14/10/2022 4:45:00 am,26.0,103.5,26.6,
397,14/10/2022 5:00:00 am,26.0,103.5,26.6,
398,14/10/2022 5:15:00 am,26.0,103.5,26.6,
399,14/10/2022 5:30:00 am,26.0,103.5,26.6,
400,14/10/2022 5:45:00 am,26.0,103.5,26.6,
401,14/10/2022 6:00:00 am,26.0,103.5,26.6,
402,14/10/2022 6:15:00 am,26.0,103.5,26.6,
403,14/10/2022 6:30:00 am,26.0,103.5,26.6,
404,14/10/2022 6:45:00 am,26.0,103.5,26.6,
405,14/10/2022 7:00:00 am,26.0,103.5,26.6,
406,14/10/2022 7:15:00 am,26.0,103.5,26.6,
407,14/10/2022 7:30:00 am,26.0,103.5,26.6,
408,14/10/2022 7:45:00 am,26.0,103.5,26.6,
409,14/10/2022 8:00:00 am,26.0,103.5,26.6,
410,14/10/2022 8:15:00 am,26.0,103.5,26.6,
411,14/10/2022 8:30:00 am,26.0,103.5,26.6,
412,14/10/2022 8:45:00 am,26.0,103.5,26.6,
413,14/10/2022 9:00:00 am,26.0,103.5,26.6,
414,14/10/2022 9:15:00 am,26.0,103.5,26.6,
415,14/10/2022 9:30:00 am,26.0,103.5,26.6,
416,14/10/2022 9:45:00 am,26.0,103.5,26.6,
417,14/10/2022 10:00:00 am,26.0,103.5,26.6,
418,14/10/2022 10:15:00 am,26.0,103.5,26.6,
419,14/10/2022 10:30:00 am,26.0,103.5,26.6,
420,14/10/2022 10:45:00 am,26.0,103.5,26.6,
421,14/10/2022 11:00:00 am,26.0,103.5,26.6,
422,14/10/2022 11:15:00 am,26.0,103.5,26.6,
423,14/10/2022 11:30:00 am,26.0,103.5,26.6,
424,14/10/2022 11:45:00 am,26.0,103.5,26.6,
425,14/10/2022 12:00:00 pm,26.0,103.5,26.6,
426,14/10/2022 12:15:00 pm,26.0,103.5,26.6,
427,14/10/2022 12:30:00 pm,26.0,103.5,26.6,
428,14/10/2022 12:45:00 pm,26.0,103.5,26.6,
429,14/10/2022 1:00:00 pm,26.0,103.5,26.6,
430,14/10/2022 1:15:00 pm,26.0,103.5,26.6,
431,14/10/2022 1:30:00 pm,26.0,103.5,26.6,
432,14/10/2022 1:45:00 pm,26.0,103.5,26.6,
433,14/10/2022 2:00:00 pm,26.0,103.5,26.6,
434,14/10/2022 2:15:00 pm,26.0,103.5,26.6,
435,14/10/2022 2:30:00 pm,26.0,103.5,26.6,
436,14/10/2022 2:45:00 pm,26.0,103.5,26.6,
437,14/10/2022 3:00:00 pm,26.0,103.5,26.6,
438,14/10/2022 3:15:00 pm,26.0,103.5,26.6,
439,14/10/2022 3:30:00 pm,26.0,103.5,26.6,
440,14/10/2022 3:45:00 pm,26.0,103.5,26.6,
441,14/10/2022 4:00:00 pm,26.0,103.5,26.6,
442,14/10/2022 4:15:00 pm,26.0,103.5,26.6,
443,14/10/2022 4:30:00 pm,26.0,103.5,26.6,
444,14/10/2022 4:45:00 pm,26.0,103.5,26.6,
445,14/10/2022 5:00:00 pm,26.0,103.5,26.6,
446,14/10/2022 5:15:00 pm,26.0,103.5,26.6,
447,14/10/2022 5:30:00 pm,26.0,103.5,26.6,
448,14/10/2022 5:45:00 pm,26.0,103.5,26.6,
449,14/10/2022 6:00:00 pm,26.0,103.5,26.6,
450,14/10/2022 6:15:00 pm,26.0,103.5,26.6,
451,14/10/2022 6:30:00 pm,26.0,103.5,26.6,
452,14/10/2022 6:45:00 pm,26.0,103.5,26.6,
453,14/10/2022 7:00:00 pm,26.0,103.5,26.6,
454,14/10/2022 7:15:00 pm,26.0,103.5,26.6,
455,14/10/2022 7:30:00 pm,26.0,103.5,26.6,
456,14/10/2022 7:45:00 pm,26.0,103.5,26.6,
457,14/10/2022 8:00:00 pm,26.0,103.5,26.6,
458,14/10/2022 8:15:00 pm,26.0,103.5,26.6,
459,14/10/2022 8:30:00 pm,26.0,103.5,26.6,
460,14/10/2022 8:45:00 pm,26.0,103.5,26.6,
461,14/10/2022 9:00:00 pm,26.0,103.5,26.6,
462,14/10/2022 9:15:00 pm,26.0,103.5,26.6,
463,14/10/2022 9:30:00 pm,26.0,103.5,26.6,
464,14/10/2022 9:45:00 pm,26.0,103.5,26.6,
465,14/10/2022 10:00:00 pm,26.0,103.5,26.6,
466,14/10/2022 10:15:00 pm,26.0,103.5,26.6,
467,14/10/2022 10:30:00 pm,26.0,103.5,26.6,
468,14/10/2022 10:45:00 pm,26.0,103.5,26.6,
469,14/10/2022 11:00:00 pm,26.0,103.5,26.6,
470,14/10/2022 11:15:00 pm,26.0,103.5,26.6,
471,14/10/2022 11:30:00 pm,26.0,103.5,26.6,
472,14/10/2022 11:45:00 pm,26.0,103.5,26.6,
473,15/10/2022 12:00:00 am,26.0,103.5,26.6,
474,15/10/2022 12:15:00 am,26.0,103.5,26.6,
475,15/10/2022 12:30:00 am,26.0,103.5,26.6,
476,15/10/2022 12:45:00 am,26.0,103.5,26.6,
477,15/10/2022 1:00:00 am,26.0,103.5,26.6,
478,15/10/2022 1:15:00 am,26.0,103.5,26.6,
479,15/10/2022 1:30:00 am,26.0,103.5,26.6,
480,15/10/2022 1:45:00 am,26.0,103.5,26.6,
481,15/10/2022 2:00:00 am,26.0,103.5,26.6,
482,15/10/2022 2:15:00 am,26.0,103.5,26.6,
483,15/10/2022 2:30:00 am,26.0,103.5,26.6,
484,15/10/2022 2:45:00 am,26.0,103.5,26.6,
485,15/10/2022 3:00:00 am,26.0,103.5,26.6,
486,15/10/2022 3:15:00 am,26.0,103.5,26.6,
487,15/10/2022 3:30:00 am,26.0,103.5,26.6,
488,15/10/2022 3:45:00 am,26.0,103.5,26.6,
489,15/10/2022 4:00:00 am,26.0,103.5,26.6,
490,15/10/2022 4:15:00 am,26.0,103.5,26.6,
491,15/10/2022 4:30:00 am,26.0,103.5,26.6,
492,15/10/2022 4:45:00 am,26.0,103.5,26.6,
493,15/10/2022 5:00:00 am,26.0,103.5,26.6,
494,15/10/2022 5:15:00 am,26.0,103.5,26.6,
495,15/10/2022 5:30:00 am,26.0,103.5,26.6,
496,15/10/2022 5:45:00 am,26.0,104.0,26.7,
497,15/10/2022 6:00:00 am,26.0,104.0,26.7,
498,15/10/2022 6:15:00 am,26.0,104.0,26.7,
499,15/10/2022 6:30:00 am,26.0,104.0,26.7,
500,15/10/2022 6:45:00 am,26.0,104.0,26.7,
501,15/10/2022 7:00:00 am,26.0,104.0,26.7,
502,15/10/2022 7:15:00 am,26.0,104.0,26.7,
503,15/10/2022 7:30:00 am,26.0,104.0,26.7,
504,15/10/2022 7:45:00 am,26.0,104.0,26.7,
505,15/10/2022 8:00:00 am,26.0,104.0,26.7,
506,15/10/2022 8:15:00 am,26.0,104.0,26.7,
507,15/10/2022 8:30:00 am,26.0,104.0,26.7,
508,15/10/2022 8:45:00 am,26.0,104.0,26.7,
509,15/10/2022 9:00:00 am,26.0,104.0,26.7,
510,15/10/2022 9:15:00 am,26.0,104.0,26.7,
511,15/10/2022 9:30:00 am,26.0,104.0,26.7,
512,15/10/2022 9:45:00 am,26.0,104.0,26.7,
513,15/10/2022 10:00:00 am,26.0,104.0,26.7,
514,15/10/2022 10:15:00 am,26.0,104.0,26.7,
515,15/10/2022 10:30:00 am,26.0,104.0,26.7,
516,15/10/2022 10:45:00 am,26.0,104.0,26.7,
517,15/10/2022 11:00:00 am,26.0,104.0,26.7,
518,15/10/2022 11:15:00 am,26.0,104.0,26.7,
519,15/10/2022 11:30:00 am,26.0,104.0,26.7,
520,15/10/2022 11:45:00 am,26.0,104.0,26.7,
521,15/10/2022 12:00:00 pm,26.0,104.0,26.7,
522,15/10/2022 12:15:00 pm,26.0,104.0,26.7,
523,15/10/2022 12:30:00 pm,26.0,104.0,26.7,
524,15/10/2022 12:45:00 pm,26.0,104.0,26.7,
525,15/10/2022 1:00:00 pm,26.0,104.0,26.7,
526,15/10/2022 1:15:00 pm,26.0,104.0,26.7,
527,15/10/2022 1:30:00 pm,26.0,104.0,26.7,
528,15/10/2022 1:45:00 pm,26.0,104.0,26.7,
529,15/10/2022 2:00:00 pm,26.0,104.0,26.7,
530,15/10/2022 2:15:00 pm,26.0,104.0,26.7,
531,15/10/2022 2:30:00 pm,26.0,104.0,26.7,
532,15/10/2022 2:45:00 pm,26.0,104.0,26.7,
533,15/10/2022 3:00:00 pm,26.0,104.0,26.7,
534,15/10/2022 3:15:00 pm,26.0,104.0,26.7,
535,15/10/2022 3:30:00 pm,26.0,104.0,26.7,
536,15/10/2022 3:45:00 pm,26.0,104.0,26.7,
537,15/10/2022 4:00:00 pm,26.0,104.0,26.7,
538,15/10/2022 4:15:00 pm,26.0,104.0,26.7,
539,15/10/2022 4:30:00 pm,26.0,104.0,26.7,
540,15/10/2022 4:45:00 pm,26.0,104.0,26.7,
541,15/10/2022 5:00:00 pm,26.0,104.0,26.7,
542,15/10/2022 5:15:00 pm,26.0,104.0,26.7,
543,15/10/2022 5:30:00 pm,26.0,104.0,26.7,
544,15/10/2022 5:45:00 pm,26.0,104.0,26.7,
545,15/10/2022 6:00:00 pm,26.0,104.0,26.7,
546,15/10/2022 6:15:00 pm,26.0,104.0,26.7,
547,15/10/2022 6:30:00 pm,26.0,104.0,26.7,
548,15/10/2022 6:45:00 pm,26.0,104.0,26.7,
549,15/10/2022 7:00:00 pm,26.0,104.0,26.7,
550,15/10/2022 7:15:00 pm,26.0,104.0,26.7,
551,15/10/2022 7:30:00 pm,26.0,104.0,26.7,
552,15/10/2022 7:45:00 pm,26.0,104.0,26.7,
553,15/10/2022 8:00:00 pm,26.0,104.0,26.7,
554,15/10/2022 8:15:00 pm,26.0,104.0,26.7,
555,15/10/2022 8:30:00 pm,26.0,104.0,26.7,
556,15/10/2022 8:45:00 pm,26.0,104.0,26.7,
557,15/10/2022 9:00:00 pm,26.0,104.0,26.7,
558,15/10/2022 9:15:00 pm,26.0,104.0,26.7,
559,15/10/2022 9:30:00 pm,26.0,104.0,26.7,
560,15/10/2022 9:45:00 pm,26.0,104.0,26.7,
561,15/10/2022 10:00:00 pm,26.0,104.0,26.7,
562,15/10/2022 10:15:00 pm,26.0,104.0,26.7,
563,15/10/2022 10:30:00 pm,26.0,104.0,26.7,
564,15/10/2022 10:45:00 pm,26.0,104.0,26.7,
565,15/10/2022 11:00:00 pm,26.0,104.0,26.7,
566,15/10/2022 11:15:00 pm,26.0,104.0,26.7,
567,15/10/2022 11:30:00 pm,26.0,104.0,26.7,
568,15/10/2022 11:45:00 pm,26.0,104.0,26.7,
569,16/10/2022 12:00:00 am,26.0,104.0,26.7,
570,16/10/2022 12:15:00 am,26.0,104.0,26.7,
571,16/10/2022 12:30:00 am,26.0,104.0,26.7,
572,16/10/2022 12:45:00 am,26.0,104.0,26.7,
573,16/10/2022 1:00:00 am,26.0,104.0,26.7,
574,16/10/2022 1:15:00 am,26.0,104.0,26.7,
575,16/10/2022 1:30:00 am,26.0,104.0,26.7,
576,16/10/2022 1:45:00 am,26.0,104.0,26.7,
577,16/10/2022 2:00:00 am,26.0,104.0,26.7,
578,16/10/2022 2:15:00 am,26.0,104.0,26.7,
579,16/10/2022 2:30:00 am,26.0,104.0,26.7,
580,16/10/2022 2:45:00 am,26.0,104.0,26.7,
581,16/10/2022 3:00:00 am,26.0,104.0,26.7,
582,16/10/2022 3:15:00 am,26.0,104.0,26.7,
583,16/10/2022 3:30:00 am,26.0,104.0,26.7,
584,16/10/2022 3:45:00 am,26.0,104.0,26.7,
585,16/10/2022 4:00:00 am,26.0,104.0,26.7,
586,16/10/2022 4:15:00 am,26.0,104.0,26.7,
587,16/10/2022 4:30:00 am,26.0,104.0,26.7,
588,16/10/2022 4:45:00 am,26.0,104.0,26.7,
589,16/10/2022 5:00:00 am,26.0,104.0,26.7,
590,16/10/2022 5:15:00 am,26.0,104.0,26.7,
591,16/10/2022 5:30:00 am,26.0,104.0,26.7,
592,16/10/2022 5:45:00 am,26.0,104.0,26.7,
593,16/10/2022 6:00:00 am,26.0,104.0,26.7,
594,16/10/2022 6:15:00 am,26.0,104.0,26.7,
595,16/10/2022 6:30:00 am,26.0,104.0,26.7,
596,16/10/2022 6:45:00 am,26.0,104.0,26.7,
597,16/10/2022 7:00:00 am,26.0,104.0,26.7,
598,16/10/2022 7:15:00 am,26.0,104.0,26.7,
599,16/10/2022 7:30:00 am,26.0,104.0,26.7,
600,16/10/2022 7:45:00 am,26.0,104.0,26.7,
601,16/10/2022 8:00:00 am,26.0,104.0,26.7,
602,16/10/2022 8:15:00 am,26.0,104.0,26.7,
603,16/10/2022 8:30:00 am,26.0,104.0,26.7,
604,16/10/2022 8:45:00 am,26.0,104.0,26.7,
605,16/10/2022 9:00:00 am,26.0,104.0,26.7,
606,16/10/2022 9:15:00 am,26.0,104.0,26.7,
607,16/10/2022 9:30:00 am,26.0,104.0,26.7,
608,16/10/2022 9:45:00 am,26.0,104.0,26.7,
609,16/10/2022 10:00:00 am,26.0,104.0,26.7,
610,16/10/2022 10:15:00 am,26.0,104.0,26.7,
611,16/10/2022 10:30:00 am,26.0,104.0,26.7,
612,16/10/2022 10:45:00 am,26.0,104.0,26.7,
613,16/10/2022 11:00:00 am,26.0,104.0,26.7,
614,16/10/2022 11:15:00 am,26.0,104.0,26.7,
615,16/10/2022 11:30:00 am,26.0,104.0,26.7,
616,16/10/2022 11:45:00 am,26.0,104.0,26.7,
617,16/10/2022 12:00:00 pm,26.0,104.0,26.7,
618,16/10/2022 12:15:00 pm,26.0,104.0,26.7,
619,16/10/2022 12:30:00 pm,26.0,104.0,26.7,
620,16/10/2022 12:45:00 pm,26.0,104.0,26.7,
621,16/10/2022 1:00:00 pm,26.0,104.0,26.7,
622,16/10/2022 1:15:00 pm,26.0,104.0,26.7,
623,16/10/2022 1:30:00 pm,26.0,104.0,26.7,
624,16/10/2022 1:45:00 pm,26.0,104.0,26.7,
625,16/10/2022 2:00:00 pm,26.0,104.0,26.7,
626,16/10/2022 2:15:00 pm,26.0,104.0,26.7,
627,16/10/2022 2:30:00 pm,26.0,104.0,26.7,
628,16/10/2022 2:45:00 pm,26.0,104.0,26.7,
629,16/10/2022 3:00:00 pm,26.0,104.0,26.7,
630,16/10/2022 3:15:00 pm,26.0,104.0,26.7,
631,16/10/2022 3:30:00 pm,26.0,104.0,26.7,
632,16/10/2022 3:45:00 pm,26.0,104.0,26.7,
633,16/10/2022 4:00:00 pm,26.0,104.0,26.7,
634,16/10/2022 4:15:00 pm,26.0,104.0,26.7,
635,16/10/2022 4:30:00 pm,26.0,104.0,26.7,
636,16/10/2022 4:45:00 pm,26.0,104.0,26.7,
637,16/10/2022 5:00:00 pm,26.0,104.0,26.7,
638,16/10/2022 5:15:00 pm,26.0,104.0,26.7,
639,16/10/2022 5:30:00 pm,26.0,104.0,26.7,
640,16/10/2022 5:45:00 pm,26.0,104.0,26.7,
641,16/10/2022 6:00:00 pm,26.0,104.0,26.7,
642,16/10/2022 6:15:00 pm,26.0,104.0,26.7,
643,16/10/2022 6:30:00 pm,26.0,104.0,26.7,
644,16/10/2022 6:45:00 pm,26.0,104.0,26.7,
645,16/10/2022 7:00:00 pm,26.0,104.0,26.7,
646,16/10/2022 7:15:00 pm,26.0,104.0,26.7,
647,16/10/2022 7:30:00 pm,26.0,104.0,26.7,
648,16/10/2022 7:45:00 pm,26.0,104.0,26.7,
649,16/10/2022 8:00:00 pm,26.0,104.0,26.7,
650,16/10/2022 8:15:00 pm,26.0,104.0,26.7,
651,16/10/2022 8:30:00 pm,26.0,104.0,26.7,
652,16/10/2022 8:45:00 pm,26.0,104.0,26.7,
653,16/10/2022 9:00:00 pm,26.0,104.0,26.7,
654,16/10/2022 9:15:00 pm,26.0,104.0,26.7,
655,16/10/2022 9:30:00 pm,26.0,104.0,26.7,
656,16/10/2022 9:45:00 pm,26.0,104.0,26.7,
657,16/10/2022 10:00:00 pm,26.0,104.0,26.7,
658,16/10/2022 10:15:00 pm,26.0,104.0,26.7,
659,16/10/2022 10:30:00 pm,26.0,104.0,26.7,
660,16/10/2022 10:45:00 pm,26.0,104.0,26.7,
661,16/10/2022 11:00:00 pm,26.0,104.0,26.7,
662,16/10/2022 11:15:00 pm,26.0,104.0,26.7,
663,16/10/2022 11:30:00 pm,26.0,104.0,26.7,
664,16/10/2022 11:45:00 pm,26.0,104.0,26.7,
665,17/10/2022 12:00:00 am,26.0,104.0,26.7,
666,17/10/2022 12:15:00 am,26.0,104.0,26.7,
667,17/10/2022 12:30:00 am,26.0,104.0,26.7,
668,17/10/2022 12:45:00 am,26.0,104.0,26.7,
669,17/10/2022 1:00:00 am,26.0,104.0,26.7,
670,17/10/2022 1:15:00 am,26.0,104.0,26.7,
671,17/10/2022 1:30:00 am,26.0,104.0,26.7,
672,17/10/2022 1:45:00 am,26.0,104.0,26.7,
673,17/10/2022 2:00:00 am,26.0,104.0,26.7,
674,17/10/2022 2:15:00 am,26.0,104.0,26.7,
675,17/10/2022 2:30:00 am,26.0,104.0,26.7,
676,17/10/2022 2:45:00 am,26.0,104.0,26.7,
677,17/10/2022 3:00:00 am,26.0,104.0,26.7,
678,17/10/2022 3:15:00 am,26.0,104.0,26.7,
679,17/10/2022 3:30:00 am,26.0,104.0,26.7,
680,17/10/2022 3:45:00 am,26.0,104.0,26.7,
681,17/10/2022 4:00:00 am,26.0,104.0,26.7,
682,17/10/2022 4:15:00 am,26.0,104.0,26.7,
683,17/10/2022 4:30:00 am,26.0,104.0,26.7,
684,17/10/2022 4:45:00 am,26.0,104.0,26.7,
685,17/10/2022 5:00:00 am,26.0,104.0,26.7,
686,17/10/2022 5:15:00 am,26.0,104.0,26.7,
687,17/10/2022 5:30:00 am,26.0,104.0,26.7,
688,17/10/2022 5:45:00 am,26.0,104.0,26.7,
689,17/10/2022 6:00:00 am,26.0,104.0,26.7,
690,17/10/2022 6:15:00 am,26.0,104.0,26.7,
691,17/10/2022 6:30:00 am,26.0,104.0,26.7,
692,17/10/2022 6:45:00 am,26.0,104.0,26.7,
693,17/10/2022 7:00:00 am,26.0,104.0,26.7,
694,17/10/2022 7:15:00 am,26.0,104.0,26.7,
695,17/10/2022 7:30:00 am,26.0,104.0,26.7,
696,17/10/2022 7:45:00 am,26.0,104.0,26.7,
697,17/10/2022 8:00:00 am,26.0,104.0,26.7,
698,17/10/2022 8:15:00 am,26.0,104.0,26.7,
699,17/10/2022 8:30:00 am,26.0,104.0,26.7,
700,17/10/2022 8:45:00 am,26.0,104.0,26.7,
701,17/10/2022 9:00:00 am,26.0,104.0,26.7,
702,17/10/2022 9:15:00 am,26.0,104.0,26.7,
703,17/10/2022 9:30:00 am,26.0,104.0,26.7,
704,17/10/2022 9:45:00 am,26.0,104.0,26.7,
705,17/10/2022 10:00:00 am,26.0,104.0,26.7,
706,17/10/2022 10:15:00 am,26.0,104.0,26.7,
707,17/10/2022 10:30:00 am,26.0,104.0,26.7,
708,17/10/2022 10:45:00 am,26.0,104.0,26.7,
709,17/10/2022 11:00:00 am,26.0,104.0,26.7,
710,17/10/2022 11:15:00 am,26.0,104.0,26.7,
711,17/10/2022 11:30:00 am,26.0,104.0,26.7,
712,17/10/2022 11:45:00 am,26.0,104.0,26.7,
713,17/10/2022 12:00:00 pm,26.0,104.0,26.7,
714,17/10/2022 12:15:00 pm,26.0,104.0,26.7,
715,17/10/2022 12:30:00 pm,26.0,104.0,26.7,
716,17/10/2022 12:45:00 pm,26.0,104.0,26.7,
717,17/10/2022 1:00:00 pm,26.0,104.0,26.7,
718,17/10/2022 1:15:00 pm,26.0,104.0,26.7,
719,17/10/2022 1:30:00 pm,26.0,104.0,26.7,
720,17/10/2022 1:45:00 pm,26.0,104.0,26.7,
721,17/10/2022 2:00:00 pm,26.0,104.0,26.7,
722,17/10/2022 2:15:00 pm,26.0,104.0,26.7,
723,17/10/2022 2:30:00 pm,26.0,104.0,26.7,
724,17/10/2022 2:45:00 pm,26.0,104.0,26.7,
725,17/10/2022 3:00:00 pm,26.0,104.0,26.7,
726,17/10/2022 3:15:00 pm,26.0,104.0,26.7,
727,17/10/2022 3:30:00 pm,26.0,104.0,26.7,
728,17/10/2022 3:45:00 pm,26.0,104.0,26.7,
729,17/10/2022 4:00:00 pm,26.0,104.0,26.7,
730,17/10/2022 4:15:00 pm,26.0,104.0,26.7,
731,17/10/2022 4:30:00 pm,26.0,104.0,26.7,
732,17/10/2022 4:45:00 pm,26.0,104.0,26.7,
733,17/10/2022 5:00:00 pm,26.0,104.0,26.7,
734,17/10/2022 5:15:00 pm,26.0,104.0,26.7,
735,17/10/2022 5:30:00 pm,26.0,104.0,26.7,
736,17/10/2022 5:45:00 pm,26.0,104.0,26.7,
737,17/10/2022 6:00:00 pm,26.0,104.0,26.7,
738,17/10/2022 6:15:00 pm,26.0,104.0,26.7,
739,17/10/2022 6:30:00 pm,26.0,104.0,26.7,
740,17/10/2022 6:45:00 pm,26.0,104.0,26.7,
741,17/10/2022 7:00:00 pm,26.0,104.0,26.7,
742,17/10/2022 7:15:00 pm,26.0,104.0,26.7,
743,17/10/2022 7:30:00 pm,26.0,104.0,26.7,
744,17/10/2022 7:45:00 pm,26.0,104.0,26.7,
745,17/10/2022 8:00:00 pm,26.0,104.0,26.7,
746,17/10/2022 8:15:00 pm,26.0,104.0,26.7,
747,17/10/2022 8:30:00 pm,26.0,104.0,26.7,
748,17/10/2022 8:45:00 pm,26.0,104.0,26.7,
749,17/10/2022 9:00:00 pm,26.0,104.0,26.7,
750,17/10/2022 9:15:00 pm,26.0,104.0,26.7,
751,17/10/2022 9:30:00 pm,26.0,104.0,26.7,
752,17/10/2022 9:45:00 pm,26.0,104.0,26.7,
753,17/10/2022 10:00:00 pm,26.0,104.0,26.7,
754,17/10/2022 10:15:00 pm,26.0,104.0,26.7,
755,17/10/2022 10:30:00 pm,26.0,104.0,26.7,
756,17/10/2022 10:45:00 pm,26.0,104.0,26.7,
757,17/10/2022 11:00:00 pm,26.0,104.0,26.7,
758,17/10/2022 11:15:00 pm,26.0,104.0,26.7,
759,17/10/2022 11:30:00 pm,26.0,104.0,26.7,
760,17/10/2022 11:45:00 pm,26.0,104.0,26.7,
761,18/10/2022 12:00:00 am,26.0,104.0,26.7,
762,18/10/2022 12:15:00 am,26.0,104.0,26.7,
763,18/10/2022 12:30:00 am,26.0,104.0,26.7,
764,18/10/2022 12:45:00 am,26.0,104.0,26.7,
765,18/10/2022 1:00:00 am,26.0,104.0,26.7,
766,18/10/2022 1:15:00 am,26.0,104.0,26.7,
767,18/10/2022 1:30:00 am,26.0,104.0,26.7,
768,18/10/2022 1:45:00 am,26.0,104.0,26.7,
769,18/10/2022 2:00:00 am,26.0,104.0,26.7,
770,18/10/2022 2:15:00 am,26.0,104.0,26.7,
771,18/10/2022 2:30:00 am,26.0,104.0,26.7,
772,18/10/2022 2:45:00 am,26.0,104.0,26.7,
773,18/10/2022 3:00:00 am,26.0,104.0,26.7,
774,18/10/2022 3:15:00 am,26.0,104.0,26.7,
775,18/10/2022 3:30:00 am,26.0,104.0,26.7,
776,18/10/2022 3:45:00 am,26.0,104.0,26.7,
777,18/10/2022 4:00:00 am,26.0,104.5,26.7,
778,18/10/2022 4:15:00 am,26.0,104.5,26.7,
779,18/10/2022 4:30:00 am,26.0,104.5,26.7,
780,18/10/2022 4:45:00 am,26.0,104.5,26.7,
781,18/10/2022 5:00:00 am,26.0,104.5,26.7,
782,18/10/2022 5:15:00 am,26.0,104.0,26.7,
783,18/10/2022 5:30:00 am,26.0,104.5,26.7,
784,18/10/2022 5:45:00 am,26.0,104.5,26.7,
785,18/10/2022 6:00:00 am,26.0,104.5,26.7,
786,18/10/2022 6:15:00 am,26.0,104.5,26.7,
787,18/10/2022 6:30:00 am,26.0,104.5,26.7,
788,18/10/2022 6:45:00 am,26.0,104.5,26.7,
789,18/10/2022 7:00:00 am,26.0,104.5,26.7,
790,18/10/2022 7:15:00 am,26.0,104.5,26.7,
791,18/10/2022 7:30:00 am,26.0,104.5,26.7,
792,18/10/2022 7:45:00 am,26.0,104.5,26.7,
793,18/10/2022 8:00:00 am,26.0,104.5,26.7,
794,18/10/2022 8:15:00 am,26.0,104.5,26.7,
795,18/10/2022 8:30:00 am,26.0,104.5,26.7,
796,18/10/2022 8:45:00 am,26.0,104.5,26.7,
797,18/10/2022 9:00:00 am,26.0,104.5,26.7,
798,18/10/2022 9:15:00 am,26.0,104.5,26.7,
799,18/10/2022 9:30:00 am,26.0,104.5,26.7,
800,18/10/2022 9:45:00 am,26.0,104.5,26.7,
801,18/10/2022 10:00:00 am,26.0,104.5,26.7,
802,18/10/2022 10:15:00 am,26.0,104.5,26.7,
803,18/10/2022 10:30:00 am,26.0,104.5,26.7,
804,18/10/2022 10:45:00 am,26.0,104.5,26.7,
805,18/10/2022 11:00:00 am,26.0,104.5,26.7,
806,18/10/2022 11:15:00 am,26.0,104.5,26.7,
807,18/10/2022 11:30:00 am,26.0,104.5,26.7,
808,18/10/2022 11:45:00 am,26.0,104.5,26.7,
809,18/10/2022 12:00:00 pm,26.0,104.5,26.7,
810,18/10/2022 12:15:00 pm,26.0,104.5,26.7,
811,18/10/2022 12:30:00 pm,26.0,104.5,26.7,
812,18/10/2022 12:45:00 pm,26.0,104.5,26.7,
813,18/10/2022 1:00:00 pm,26.0,104.5,26.7,
814,18/10/2022 1:15:00 pm,26.0,104.5,26.7,
815,18/10/2022 1:30:00 pm,26.0,104.5,26.7,
816,18/10/2022 1:45:00 pm,26.0,104.5,26.7,
817,18/10/2022 2:00:00 pm,26.0,104.5,26.7,
818,18/10/2022 2:15:00 pm,26.0,104.5,26.7,
819,18/10/2022 2:30:00 pm,26.0,104.5,26.7,
820,18/10/2022 2:45:00 pm,26.0,104.5,26.7,
821,18/10/2022 3:00:00 pm,26.0,104.5,26.7,
822,18/10/2022 3:15:00 pm,26.0,104.5,26.7,
823,18/10/2022 3:30:00 pm,26.0,104.5,26.7,
824,18/10/2022 3:45:00 pm,26.0,104.5,26.7,
825,18/10/2022 4:00:00 pm,26.0,104.5,26.7,
826,18/10/2022 4:15:00 pm,26.0,104.5,26.7,
827,18/10/2022 4:30:00 pm,26.0,104.5,26.7,
828,18/10/2022 4:45:00 pm,26.0,104.5,26.7,
829,18/10/2022 5:00:00 pm,26.0,104.5,26.7,
830,18/10/2022 5:15:00 pm,26.0,104.5,26.7,
831,18/10/2022 5:30:00 pm,26.0,104.5,26.7,
832,18/10/2022 5:45:00 pm,26.0,104.5,26.7,
833,18/10/2022 6:00:00 pm,26.0,104.5,26.7,
834,18/10/2022 6:15:00 pm,26.0,104.5,26.7,
835,18/10/2022 6:30:00 pm,26.0,104.5,26.7,
836,18/10/2022 6:45:00 pm,26.0,104.5,26.7,
837,18/10/2022 7:00:00 pm,26.0,104.5,26.7,
838,18/10/2022 7:15:00 pm,26.0,104.5,26.7,
839,18/10/2022 7:30:00 pm,26.0,104.5,26.7,
840,18/10/2022 7:45:00 pm,26.0,104.5,26.7,
841,18/10/2022 8:00:00 pm,26.0,104.5,26.7,
842,18/10/2022 8:15:00 pm,26.0,104.5,26.7,
843,18/10/2022 8:30:00 pm,26.0,104.5,26.7,
844,18/10/2022 8:45:00 pm,26.0,104.5,26.7,
845,18/10/2022 9:00:00 pm,26.0,104.5,26.7,
846,18/10/2022 9:15:00 pm,26.0,104.5,26.7,
847,18/10/2022 9:30:00 pm,26.0,104.5,26.7,
848,18/10/2022 9:45:00 pm,26.0,104.5,26.7,
849,18/10/2022 10:00:00 pm,26.0,104.5,26.7,
850,18/10/2022 10:15:00 pm,26.0,104.5,26.7,
851,18/10/2022 10:30:00 pm,26.0,104.5,26.7,
852,18/10/2022 10:45:00 pm,26.0,104.5,26.7,
853,18/10/2022 11:00:00 pm,26.0,104.5,26.7,
854,18/10/2022 11:15:00 pm,26.0,104.5,26.7,
855,18/10/2022 11:30:00 pm,26.0,104.5,26.7,
856,18/10/2022 11:45:00 pm,26.0,104.5,26.7,
857,19/10/2022 12:00:00 am,26.0,104.5,26.7,
858,19/10/2022 12:15:00 am,26.0,104.5,26.7,
859,19/10/2022 12:30:00 am,26.0,104.5,26.7,
860,19/10/2022 12:45:00 am,26.0,104.5,26.7,
861,19/10/2022 1:00:00 am,26.0,104.5,26.7,
862,19/10/2022 1:15:00 am,26.0,104.5,26.7,
863,19/10/2022 1:30:00 am,26.0,104.5,26.7,
864,19/10/2022 1:45:00 am,26.0,104.5,26.7,
865,19/10/2022 2:00:00 am,26.0,104.5,26.7,
866,19/10/2022 2:15:00 am,26.0,104.5,26.7,
867,19/10/2022 2:30:00 am,26.0,104.5,26.7,
868,19/10/2022 2:45:00 am,26.0,104.5,26.7,
869,19/10/2022 3:00:00 am,26.0,104.5,26.7,
870,19/10/2022 3:15:00 am,26.0,104.5,26.7,
871,19/10/2022 3:30:00 am,26.0,104.5,26.7,
872,19/10/2022 3:45:00 am,26.0,104.5,26.7,
873,19/10/2022 4:00:00 am,26.0,104.5,26.7,
874,19/10/2022 4:15:00 am,26.0,104.5,26.7,
875,19/10/2022 4:30:00 am,26.0,104.5,26.7,
876,19/10/2022 4:45:00 am,26.0,104.5,26.7,
877,19/10/2022 5:00:00 am,26.0,104.5,26.7,
878,19/10/2022 5:15:00 am,26.0,104.5,26.7,
879,19/10/2022 5:30:00 am,26.0,104.5,26.7,
880,19/10/2022 5:45:00 am,26.0,104.5,26.7,
881,19/10/2022 6:00:00 am,26.0,104.5,26.7,
882,19/10/2022 6:15:00 am,26.0,104.5,26.7,
883,19/10/2022 6:30:00 am,26.0,104.5,26.7,
884,19/10/2022 6:45:00 am,26.0,104.5,26.7,
885,19/10/2022 7:00:00 am,26.0,104.5,26.7,
886,19/10/2022 7:15:00 am,26.0,104.5,26.7,
887,19/10/2022 7:30:00 am,26.0,104.5,26.7,
888,19/10/2022 7:45:00 am,26.0,104.5,26.7,
889,19/10/2022 8:00:00 am,26.0,104.5,26.7,
890,19/10/2022 8:15:00 am,26.0,104.5,26.7,
891,19/10/2022 8:30:00 am,26.0,104.5,26.7,
892,19/10/2022 8:45:00 am,26.0,104.5,26.7,
893,19/10/2022 9:00:00 am,26.0,104.5,26.7,
894,19/10/2022 9:15:00 am,26.0,104.5,26.7,
895,19/10/2022 9:30:00 am,26.0,104.5,26.7,
896,19/10/2022 9:45:00 am,26.0,104.5,26.7,
897,19/10/2022 10:00:00 am,26.0,104.0,26.7,
898,19/10/2022 10:15:00 am,26.0,104.5,26.7,
899,19/10/2022 10:30:00 am,26.0,104.5,26.7,
900,19/10/2022 10:45:00 am,26.0,104.5,26.7,
901,19/10/2022 11:00:00 am,26.0,104.5,26.7,
902,19/10/2022 11:15:00 am,26.0,104.5,26.7,
903,19/10/2022 11:30:00 am,26.0,104.5,26.7,
904,19/10/2022 11:45:00 am,26.0,104.5,26.7,
905,19/10/2022 12:00:00 pm,26.0,104.5,26.7,
906,19/10/2022 12:15:00 pm,26.0,104.5,26.7,
907,19/10/2022 12:30:00 pm,26.0,104.5,26.7,
908,19/10/2022 12:45:00 pm,26.0,104.5,26.7,
909,19/10/2022 1:00:00 pm,26.0,104.5,26.7,
910,19/10/2022 1:15:00 pm,26.0,104.5,26.7,
911,19/10/2022 1:30:00 pm,26.0,104.5,26.7,
912,19/10/2022 1:45:00 pm,26.0,104.5,26.7,
913,19/10/2022 2:00:00 pm,26.0,104.5,26.7,
914,19/10/2022 2:15:00 pm,26.0,104.5,26.7,
915,19/10/2022 2:30:00 pm,26.0,104.5,26.7,
916,19/10/2022 2:45:00 pm,26.0,104.5,26.7,
917,19/10/2022 3:00:00 pm,26.0,104.5,26.7,
918,19/10/2022 3:15:00 pm,26.0,104.5,26.7,
919,19/10/2022 3:30:00 pm,26.0,104.5,26.7,
920,19/10/2022 3:45:00 pm,26.0,104.5,26.7,
921,19/10/2022 4:00:00 pm,26.0,104.5,26.7,
922,19/10/2022 4:15:00 pm,26.0,104.5,26.7,
923,19/10/2022 4:30:00 pm,26.0,104.5,26.7,
924,19/10/2022 4:45:00 pm,26.0,104.5,26.7,
925,19/10/2022 5:00:00 pm,26.0,104.5,26.7,
926,19/10/2022 5:15:00 pm,26.0,104.5,26.7,
927,19/10/2022 5:30:00 pm,26.0,104.5,26.7,
928,19/10/2022 5:45:00 pm,26.0,104.5,26.7,
929,19/10/2022 6:00:00 pm,26.0,104.5,26.7,
930,19/10/2022 6:15:00 pm,26.0,104.5,26.7,
931,19/10/2022 6:30:00 pm,26.0,104.5,26.7,
932,19/10/2022 6:45:00 pm,26.0,104.5,26.7,
933,19/10/2022 7:00:00 pm,26.0,104.5,26.7,
934,19/10/2022 7:15:00 pm,26.0,104.5,26.7,
935,19/10/2022 7:30:00 pm,26.0,104.5,26.7,
936,19/10/2022 7:45:00 pm,26.0,104.5,26.7,
937,19/10/2022 8:00:00 pm,26.0,104.5,26.7,
938,19/10/2022 8:15:00 pm,26.0,104.5,26.7,
939,19/10/2022 8:30:00 pm,26.0,104.5,26.7,
940,19/10/2022 8:45:00 pm,26.0,104.5,26.7,
941,19/10/2022 9:00:00 pm,26.0,104.5,26.7,
942,19/10/2022 9:15:00 pm,26.0,104.5,26.7,
943,19/10/2022 9:30:00 pm,26.0,104.5,26.7,
944,19/10/2022 9:45:00 pm,26.0,104.5,26.7,
945,19/10/2022 10:00:00 pm,26.0,104.5,26.7,
946,19/10/2022 10:15:00 pm,26.0,104.5,26.7,
947,19/10/2022 10:30:00 pm,26.0,104.5,26.7,
948,19/10/2022 10:45:00 pm,26.0,104.5,26.7,
949,19/10/2022 11:00:00 pm,26.0,104.5,26.7,
950,19/10/2022 11:15:00 pm,26.0,104.5,26.7,
951,19/10/2022 11:30:00 pm,26.0,104.5,26.7,
952,19/10/2022 11:45:00 pm,26.0,104.5,26.7,
953,20/10/2022 12:00:00 am,26.0,104.5,26.7,
954,20/10/2022 12:15:00 am,26.0,104.5,26.7,
955,20/10/2022 12:30:00 am,26.0,104.5,26.7,
956,20/10/2022 12:45:00 am,26.0,104.5,26.7,
957,20/10/2022 1:00:00 am,26.0,104.5,26.7,
958,20/10/2022 1:15:00 am,26.0,104.5,26.7,
959,20/10/2022 1:30:00 am,26.0,104.5,26.7,
960,20/10/2022 1:45:00 am,26.0,104.5,26.7,
961,20/10/2022 2:00:00 am,26.0,104.5,26.7,
962,20/10/2022 2:15:00 am,26.0,104.5,26.7,
963,20/10/2022 2:30:00 am,26.0,104.5,26.7,
964,20/10/2022 2:45:00 am,26.0,104.5,26.7,
965,20/10/2022 3:00:00 am,26.0,104.5,26.7,
966,20/10/2022 3:15:00 am,26.0,104.5,26.7,
967,20/10/2022 3:30:00 am,26.0,104.5,26.7,
968,20/10/2022 3:45:00 am,26.0,104.5,26.7,
969,20/10/2022 4:00:00 am,26.0,104.5,26.7,
970,20/10/2022 4:15:00 am,26.0,104.5,26.7,
971,20/10/2022 4:30:00 am,26.0,104.5,26.7,
972,20/10/2022 4:45:00 am,26.0,104.5,26.7,
973,20/10/2022 5:00:00 am,26.0,104.5,26.7,
974,20/10/2022 5:15:00 am,26.0,104.5,26.7,
975,20/10/2022 5:30:00 am,26.0,104.5,26.7,
976,20/10/2022 5:45:00 am,26.0,104.5,26.7,
977,20/10/2022 6:00:00 am,26.0,104.5,26.7,
978,20/10/2022 6:15:00 am,26.0,104.5,26.7,
979,20/10/2022 6:30:00 am,26.0,104.5,26.7,
980,20/10/2022 6:45:00 am,26.0,104.5,26.7,
981,20/10/2022 7:00:00 am,26.0,104.5,26.7,
982,20/10/2022 7:15:00 am,26.0,104.5,26.7,
983,20/10/2022 7:30:00 am,26.0,104.5,26.7,
984,20/10/2022 7:45:00 am,26.0,104.5,26.7,
985,20/10/2022 8:00:00 am,26.0,104.5,26.7,
986,20/10/2022 8:15:00 am,26.0,104.5,26.7,
987,20/10/2022 8:30:00 am,26.0,104.5,26.7,
988,20/10/2022 8:45:00 am,26.0,104.5,26.7,
989,20/10/2022 9:00:00 am,26.0,104.5,26.7,
990,20/10/2022 9:15:00 am,26.0,104.5,26.7,
991,20/10/2022 9:30:00 am,26.0,104.5,26.7,
992,20/10/2022 9:45:00 am,26.0,104.5,26.7,
993,20/10/2022 10:00:00 am,26.0,104.5,26.7,
994,20/10/2022 10:15:00 am,26.0,104.5,26.7,
995,20/10/2022 10:30:00 am,26.0,104.5,26.7,
996,20/10/2022 10:45:00 am,26.0,104.5,26.7,
997,20/10/2022 11:00:00 am,26.0,104.5,26.7,
998,20/10/2022 11:15:00 am,26.0,104.5,26.7,
999,20/10/2022 11:30:00 am,26.0,104.5,26.7,
1000,20/10/2022 11:45:00 am,26.0,104.5,26.7,
1001,20/10/2022 12:00:00 pm,26.0,104.5,26.7,
1002,20/10/2022 12:15:00 pm,26.0,104.5,26.7,
1003,20/10/2022 12:30:00 pm,26.0,104.5,26.7,
1004,20/10/2022 12:45:00 pm,26.0,104.5,26.7,
1005,20/10/2022 1:00:00 pm,26.0,104.5,26.7,
1006,20/10/2022 1:15:00 pm,26.0,104.5,26.7,
1007,20/10/2022 1:30:00 pm,26.0,104.5,26.7,
1008,20/10/2022 1:45:00 pm,26.0,104.5,26.7,
1009,20/10/2022 2:00:00 pm,26.0,104.5,26.7,
1010,20/10/2022 2:15:00 pm,26.0,104.5,26.7,
1011,20/10/2022 2:30:00 pm,26.0,104.5,26.7,
1012,20/10/2022 2:45:00 pm,26.0,104.5,26.7,
1013,20/10/2022 3:00:00 pm,26.0,104.5,26.7,
1014,20/10/2022 3:15:00 pm,26.0,104.5,26.7,
1015,20/10/2022 3:30:00 pm,26.0,104.5,26.7,
1016,20/10/2022 3:45:00 pm,26.0,104.5,26.7,
1017,20/10/2022 4:00:00 pm,26.0,104.5,26.7,
1018,20/10/2022 4:15:00 pm,26.0,104.5,26.7,
1019,20/10/2022 4:30:00 pm,26.0,104.5,26.7,
1020,20/10/2022 4:45:00 pm,26.0,104.5,26.7,
1021,20/10/2022 5:00:00 pm,26.0,104.5,26.7,
1022,20/10/2022 5:15:00 pm,26.0,104.5,26.7,
1023,20/10/2022 5:30:00 pm,26.0,104.5,26.7,
1024,20/10/2022 5:45:00 pm,26.0,104.5,26.7,
1025,20/10/2022 6:00:00 pm,26.0,104.5,26.7,
1026,20/10/2022 6:15:00 pm,26.0,104.5,26.7,
1027,20/10/2022 6:30:00 pm,26.0,104.5,26.7,
1028,20/10/2022 6:45:00 pm,26.0,104.5,26.7,
1029,20/10/2022 7:00:00 pm,26.0,104.5,26.7,
1030,20/10/2022 7:15:00 pm,26.0,104.5,26.7,
1031,20/10/2022 7:30:00 pm,26.0,104.5,26.7,
1032,20/10/2022 7:45:00 pm,26.0,104.5,26.7,
1033,20/10/2022 8:00:00 pm,26.0,104.5,26.7,
1034,20/10/2022 8:15:00 pm,26.0,104.5,26.7,
1035,20/10/2022 8:30:00 pm,26.0,104.5,26.7,
1036,20/10/2022 8:45:00 pm,26.0,104.5,26.7,
1037,20/10/2022 9:00:00 pm,26.0,104.5,26.7,
1038,20/10/2022 9:15:00 pm,26.0,104.5,26.7,
1039,20/10/2022 9:30:00 pm,26.0,104.5,26.7,
1040,20/10/2022 9:45:00 pm,26.0,104.5,26.7,
1041,20/10/2022 10:00:00 pm,26.0,104.5,26.7,
1042,20/10/2022 10:15:00 pm,26.0,104.5,26.7,
1043,20/10/2022 10:30:00 pm,26.0,104.5,26.7,
1044,20/10/2022 10:45:00 pm,26.0,104.5,26.7,
1045,20/10/2022 11:00:00 pm,26.0,104.5,26.7,
1046,20/10/2022 11:15:00 pm,26.0,104.5,26.7,
1047,20/10/2022 11:30:00 pm,26.0,104.5,26.7,
1048,20/10/2022 11:45:00 pm,26.0,104.5,26.7,
1049,21/10/2022 12:00:00 am,26.0,104.5,26.7,
1050,21/10/2022 12:15:00 am,26.0,104.5,26.7,
1051,21/10/2022 12:30:00 am,26.0,104.5,26.7,
1052,21/10/2022 12:45:00 am,26.0,104.5,26.7,
1053,21/10/2022 1:00:00 am,26.0,104.5,26.7,
1054,21/10/2022 1:15:00 am,26.0,104.5,26.7,
1055,21/10/2022 1:30:00 am,26.0,104.5,26.7,
1056,21/10/2022 1:45:00 am,26.0,104.5,26.7,
1057,21/10/2022 2:00:00 am,26.0,104.5,26.7,
1058,21/10/2022 2:15:00 am,26.0,104.5,26.7,
1059,21/10/2022 2:30:00 am,26.0,104.5,26.7,
1060,21/10/2022 2:45:00 am,26.0,104.5,26.7,
1061,21/10/2022 3:00:00 am,26.0,104.5,26.7,
1062,21/10/2022 3:15:00 am,26.0,104.5,26.7,
1063,21/10/2022 3:30:00 am,26.0,104.5,26.7,
1064,21/10/2022 3:45:00 am,26.0,104.5,26.7,
1065,21/10/2022 4:00:00 am,26.0,104.5,26.7,
1066,21/10/2022 4:15:00 am,26.0,104.5,26.7,
1067,21/10/2022 4:30:00 am,26.0,104.5,26.7,
1068,21/10/2022 4:45:00 am,26.0,104.5,26.7,
1069,21/10/2022 5:00:00 am,26.0,104.5,26.7,
1070,21/10/2022 5:15:00 am,26.0,104.5,26.7,
1071,21/10/2022 5:30:00 am,26.0,104.5,26.7,
1072,21/10/2022 5:45:00 am,26.0,104.5,26.7,
1073,21/10/2022 6:00:00 am,26.0,104.5,26.7,
1074,21/10/2022 6:15:00 am,26.0,104.5,26.7,
1075,21/10/2022 6:30:00 am,26.0,104.5,26.7,
1076,21/10/2022 6:45:00 am,26.0,104.5,26.7,
1077,21/10/2022 7:00:00 am,26.0,104.5,26.7,
1078,21/10/2022 7:15:00 am,26.0,104.5,26.7,
1079,21/10/2022 7:30:00 am,26.0,104.5,26.7,
1080,21/10/2022 7:45:00 am,26.0,104.5,26.7,
1081,21/10/2022 8:00:00 am,26.0,104.5,26.7,
1082,21/10/2022 8:15:00 am,26.0,104.5,26.7,
1083,21/10/2022 8:30:00 am,26.0,104.5,26.7,
1084,21/10/2022 8:45:00 am,26.0,104.5,26.7,
1085,21/10/2022 9:00:00 am,26.0,104.5,26.7,
1086,21/10/2022 9:15:00 am,26.0,104.5,26.7,
1087,21/10/2022 9:30:00 am,26.0,104.5,26.7,
1088,21/10/2022 9:45:00 am,26.0,104.5,26.7,
1089,21/10/2022 10:00:00 am,26.0,104.5,26.7,
1090,21/10/2022 10:15:00 am,26.0,104.5,26.7,
1091,21/10/2022 10:30:00 am,26.0,104.5,26.7,
1092,21/10/2022 10:45:00 am,26.0,104.5,26.7,
1093,21/10/2022 11:00:00 am,26.0,104.5,26.7,
1094,21/10/2022 11:15:00 am,26.0,104.5,26.7,
1095,21/10/2022 11:30:00 am,26.0,104.5,26.7,
1096,21/10/2022 11:45:00 am,26.0,104.5,26.7,
1097,21/10/2022 12:00:00 pm,26.0,104.5,26.7,
1098,21/10/2022 12:15:00 pm,26.0,104.5,26.7,
1099,21/10/2022 12:30:00 pm,26.0,104.5,26.7,
1100,21/10/2022 12:45:00 pm,26.0,104.5,26.7,
1101,21/10/2022 1:00:00 pm,26.0,104.5,26.7,
1102,21/10/2022 1:15:00 pm,26.0,104.5,26.7,
1103,21/10/2022 1:30:00 pm,26.0,104.5,26.7,
1104,21/10/2022 1:45:00 pm,26.0,104.5,26.7,
1105,21/10/2022 2:00:00 pm,26.0,104.5,26.7,
1106,21/10/2022 2:15:00 pm,26.0,104.5,26.7,
1107,21/10/2022 2:30:00 pm,26.0,104.5,26.7,
1108,21/10/2022 2:45:00 pm,26.0,104.5,26.7,
1109,21/10/2022 3:00:00 pm,26.0,104.5,26.7,
1110,21/10/2022 3:15:00 pm,26.0,104.5,26.7,
1111,21/10/2022 3:30:00 pm,26.0,104.5,26.7,
1112,21/10/2022 3:45:00 pm,26.0,104.5,26.7,
1113,21/10/2022 4:00:00 pm,26.0,104.5,26.7,
1114,21/10/2022 4:15:00 pm,26.0,104.5,26.7,
1115,21/10/2022 4:30:00 pm,26.0,104.5,26.7,
1116,21/10/2022 4:45:00 pm,26.0,104.5,26.7,
1117,21/10/2022 5:00:00 pm,26.0,104.5,26.7,
1118,21/10/2022 5:15:00 pm,26.0,104.5,26.7,
1119,21/10/2022 5:30:00 pm,26.0,104.5,26.7,
1120,21/10/2022 5:45:00 pm,26.0,104.5,26.7,
1121,21/10/2022 6:00:00 pm,26.0,104.5,26.7,
1122,21/10/2022 6:15:00 pm,26.0,104.5,26.7,
1123,21/10/2022 6:30:00 pm,26.0,104.5,26.7,
1124,21/10/2022 6:45:00 pm,26.0,104.5,26.7,
1125,21/10/2022 7:00:00 pm,26.0,104.5,26.7,
1126,21/10/2022 7:15:00 pm,26.0,104.5,26.7,
1127,21/10/2022 7:30:00 pm,26.0,104.5,26.7,
1128,21/10/2022 7:45:00 pm,26.0,104.5,26.7,
1129,21/10/2022 8:00:00 pm,26.0,104.5,26.7,
1130,21/10/2022 8:15:00 pm,26.0,104.5,26.7,
1131,21/10/2022 8:30:00 pm,26.0,104.5,26.7,
1132,21/10/2022 8:45:00 pm,26.0,104.5,26.7,
1133,21/10/2022 9:00:00 pm,26.0,104.5,26.7,
1134,21/10/2022 9:15:00 pm,26.0,104.5,26.7,
1135,21/10/2022 9:30:00 pm,26.0,104.5,26.7,
1136,21/10/2022 9:45:00 pm,26.0,104.5,26.7,
1137,21/10/2022 10:00:00 pm,26.0,104.5,26.7,
1138,21/10/2022 10:15:00 pm,26.0,104.5,26.7,
1139,21/10/2022 10:30:00 pm,26.0,104.5,26.7,
1140,21/10/2022 10:45:00 pm,26.0,104.5,26.7,
1141,21/10/2022 11:00:00 pm,26.0,104.5,26.7,
1142,21/10/2022 11:15:00 pm,26.0,104.5,26.7,
1143,21/10/2022 11:30:00 pm,26.0,104.5,26.7,
1144,21/10/2022 11:45:00 pm,26.0,104.5,26.7,
1145,22/10/2022 12:00:00 am,26.0,104.5,26.7,
1146,22/10/2022 12:15:00 am,26.0,104.5,26.7,
1147,22/10/2022 12:30:00 am,26.0,104.5,26.7,
1148,22/10/2022 12:45:00 am,26.0,104.5,26.7,
1149,22/10/2022 1:00:00 am,26.0,104.5,26.7,
1150,22/10/2022 1:15:00 am,26.0,104.5,26.7,
1151,22/10/2022 1:30:00 am,26.0,104.5,26.7,
1152,22/10/2022 1:45:00 am,26.0,104.5,26.7,
1153,22/10/2022 2:00:00 am,26.0,104.5,26.7,
1154,22/10/2022 2:15:00 am,26.0,104.5,26.7,
1155,22/10/2022 2:30:00 am,26.0,104.5,26.7,
1156,22/10/2022 2:45:00 am,26.0,104.5,26.7,
1157,22/10/2022 3:00:00 am,26.0,104.5,26.7,
1158,22/10/2022 3:15:00 am,26.0,104.5,26.7,
1159,22/10/2022 3:30:00 am,26.0,104.5,26.7,
1160,22/10/2022 3:45:00 am,26.0,104.5,26.7,
1161,22/10/2022 4:00:00 am,26.0,104.5,26.7,
1162,22/10/2022 4:15:00 am,26.0,104.5,26.7,
1163,22/10/2022 4:30:00 am,26.0,104.5,26.7,
1164,22/10/2022 4:45:00 am,26.0,104.5,26.7,
1165,22/10/2022 5:00:00 am,26.0,104.5,26.7,
1166,22/10/2022 5:15:00 am,26.0,104.5,26.7,
1167,22/10/2022 5:30:00 am,26.0,104.5,26.7,
1168,22/10/2022 5:45:00 am,26.0,104.5,26.7,
1169,22/10/2022 6:00:00 am,26.0,104.5,26.7,
1170,22/10/2022 6:15:00 am,26.0,104.5,26.7,
1171,22/10/2022 6:30:00 am,26.0,104.5,26.7,
1172,22/10/2022 6:45:00 am,26.0,104.5,26.7,
1173,22/10/2022 7:00:00 am,26.0,104.5,26.7,
1174,22/10/2022 7:15:00 am,26.0,104.5,26.7,
1175,22/10/2022 7:30:00 am,26.0,104.5,26.7,
1176,22/10/2022 7:45:00 am,26.5,104.5,27.2,
1177,22/10/2022 8:00:00 am,28.5,104.0,29.2,
1178,22/10/2022 8:15:00 am,30.0,101.5,30.3,
1179,22/10/2022 8:30:00 am,30.0,101.5,30.3,
1180,22/10/2022 8:45:00 am,29.5,100.5,29.6,
1181,22/10/2022 9:00:00 am,27.5,101.5,27.8,
1182,22/10/2022 9:15:00 am,26.5,103.0,27.0,
1183,22/10/2022 9:30:00 am,27.5,102.5,27.9,
1184,22/10/2022 9:45:00 am,27.0,103.5,27.6,
1185,22/10/2022 10:00:00 am,27.0,104.5,27.8,
1186,22/10/2022 10:15:00 am,27.0,104.5,27.8,
1187,22/10/2022 10:30:00 am,26.5,104.5,27.2,
1188,22/10/2022 10:45:00 am,26.5,104.5,27.2,
1189,22/10/2022 11:00:00 am,26.5,104.5,27.2,
1190,22/10/2022 11:15:00 am,26.0,104.5,26.7,
1191,22/10/2022 11:30:00 am,26.5,105.0,27.3,
1192,22/10/2022 11:45:00 am,27.0,105.0,27.8,
1193,22/10/2022 12:00:00 pm,27.0,104.5,27.8,
1194,22/10/2022 12:15:00 pm,27.0,104.5,27.8,
1195,22/10/2022 12:30:00 pm,26.0,102.5,26.4,
1196,22/10/2022 12:45:00 pm,22.0,97.5,21.6,
1197,22/10/2022 1:00:00 pm,22.5,102.5,22.9,
1198,22/10/2022 1:15:00 pm,22.5,103.5,23.1,
1199,22/10/2022 1:30:00 pm,23.5,105.0,24.3,
1200,22/10/2022 1:45:00 pm,24.5,105.0,25.3,
1201,22/10/2022 2:00:00 pm,25.0,104.5,25.7,
1202,22/10/2022 2:15:00 pm,25.5,104.5,26.2,
1203,22/10/2022 2:30:00 pm,26.0,104.0,26.7,
1204,22/10/2022 2:45:00 pm,26.0,103.5,26.6,
1205,22/10/2022 3:00:00 pm,26.5,103.5,27.1,
1206,22/10/2022 3:15:00 pm,26.5,103.5,27.1,
1207,22/10/2022 3:30:00 pm,27.0,103.0,27.5,
1208,22/10/2022 3:45:00 pm,26.5,103.0,27.0,
1209,22/10/2022 4:00:00 pm,25.5,103.5,26.1,
1210,22/10/2022 4:15:00 pm,25.5,101.5,25.8,
1211,22/10/2022 4:30:00 pm,25.5,89.5,23.6,
1212,22/10/2022 4:45:00 pm,25.5,76.0,21.0,
1213,22/10/2022 5:00:00 pm,25.5,75.5,20.8,
1214,22/10/2022 5:15:00 pm,25.0,74.0,20.0,
1215,22/10/2022 5:30:00 pm,25.0,74.0,20.0,
1216,22/10/2022 5:45:00 pm,25.0,71.0,19.4,
1217,22/10/2022 6:00:00 pm,24.5,68.5,18.3,
1218,22/10/2022 6:15:00 pm,24.5,67.5,18.1,
1219,22/10/2022 6:30:00 pm,24.0,66.5,17.4,
1220,22/10/2022 6:45:00 pm,24.0,66.5,17.4,
1221,22/10/2022 7:00:00 pm,24.0,65.5,17.1,
1222,22/10/2022 7:15:00 pm,24.0,65.5,17.1,
1223,22/10/2022 7:30:00 pm,23.5,65.0,16.5,
1224,22/10/2022 7:45:00 pm,23.5,64.5,16.4,
1225,22/10/2022 8:00:00 pm,23.5,64.0,16.3,
1226,22/10/2022 8:15:00 pm,23.5,64.0,16.3,
1227,22/10/2022 8:30:00 pm,23.0,64.5,15.9,
1228,22/10/2022 8:45:00 pm,23.0,64.5,15.9,
1229,22/10/2022 9:00:00 pm,23.0,64.5,15.9,
1230,22/10/2022 9:15:00 pm,23.0,64.5,15.9,
1231,22/10/2022 9:30:00 pm,22.5,65.0,15.6,
1232,22/10/2022 9:45:00 pm,22.5,65.0,15.6,
1233,22/10/2022 10:00:00 pm,22.5,65.0,15.6,
1234,22/10/2022 10:15:00 pm,22.5,65.0,15.6,
1235,22/10/2022 10:30:00 pm,22.5,64.5,15.5,
1236,22/10/2022 10:45:00 pm,22.5,64.0,15.4,
1237,22/10/2022 11:00:00 pm,22.5,64.0,15.4,
1238,22/10/2022 11:15:00 pm,22.5,64.5,15.5,
1239,22/10/2022 11:30:00 pm,22.0,64.5,15.0,
1240,22/10/2022 11:45:00 pm,22.0,65.0,15.1,
1241,23/10/2022 12:00:00 am,22.5,66.5,16.0,
1242,23/10/2022 12:15:00 am,22.5,68.5,16.4,
1243,23/10/2022 12:30:00 am,22.5,70.5,16.9,
1244,23/10/2022 12:45:00 am,23.0,77.0,18.7,
1245,23/10/2022 1:00:00 am,23.5,83.0,20.4,
1246,23/10/2022 1:15:00 am,24.0,89.0,22.1,
1247,23/10/2022 1:30:00 am,24.0,91.0,22.4,
1248,23/10/2022 1:45:00 am,24.5,93.0,23.3,
1249,23/10/2022 2:00:00 am,24.5,94.0,23.5,
